{
  "step_count_impact": {
    "feature_development": {
      "steps": 4,
      "avg_time_per_step": 1974.703000014415,
      "total_time": 7909.254874975886
    },
    "bug_fixing": {
      "steps": 4,
      "avg_time_per_step": 2293.4659267484676,
      "total_time": 9185.26529200608
    },
    "quality_improvement": {
      "steps": 4,
      "avg_time_per_step": 1925.0376042473363,
      "total_time": 7712.477207998745
    },
    "system_optimization": {
      "steps": 4,
      "avg_time_per_step": 2273.6670622543897,
      "total_time": 9112.119124969468
    },
    "emergency_response": {
      "steps": 4,
      "avg_time_per_step": 2488.359208247857,
      "total_time": 9966.029333008919
    }
  },
  "memory_scaling": {
    "feature_development": {
      "peak_memory": 0.28125,
      "context_overhead": 0.028125,
      "memory_per_step": 0.0703125
    },
    "bug_fixing": {
      "peak_memory": 0.1875,
      "context_overhead": 0.018750000000000003,
      "memory_per_step": 0.046875
    },
    "quality_improvement": {
      "peak_memory": 0.25,
      "context_overhead": 0.025,
      "memory_per_step": 0.0625
    },
    "system_optimization": {
      "peak_memory": 0.046875,
      "context_overhead": 0.004687500000000001,
      "memory_per_step": 0.01171875
    },
    "emergency_response": {
      "peak_memory": 0.046875,
      "context_overhead": 0.004687500000000001,
      "memory_per_step": 0.01171875
    }
  },
  "context_growth": {
    "feature_development": {
      "initial_context": 0.142578125,
      "final_context": 0.509765625,
      "growth_rate": 0.091796875
    },
    "bug_fixing": {
      "initial_context": 0.1328125,
      "final_context": 0.5068359375,
      "growth_rate": 0.093505859375
    },
    "quality_improvement": {
      "initial_context": 0.142578125,
      "final_context": 0.5302734375,
      "growth_rate": 0.096923828125
    },
    "system_optimization": {
      "initial_context": 0.1435546875,
      "final_context": 0.5185546875,
      "growth_rate": 0.09375
    },
    "emergency_response": {
      "initial_context": 0.142578125,
      "final_context": 0.5185546875,
      "growth_rate": 0.093994140625
    }
  },
  "performance_degradation": {}
}